basin_id,year,expected_days,valid_days,valid_runoff_days,q_completeness,runoff_completeness
01013500,1995,365,76,76,0.20821917808219179,0.20821917808219179
01013500,1996,366,293,293,0.8005464480874317,0.8005464480874317
01013500,1997,365,239,239,0.6547945205479452,0.6547945205479452
01013500,1998,365,278,278,0.7616438356164383,0.7616438356164383
01013500,1999,365,288,288,0.7890410958904109,0.7890410958904109
01013500,2000,366,259,259,0.7076502732240437,0.7076502732240437
01013500,2001,365,241,241,0.6602739726027397,0.6602739726027397
01013500,2002,365,251,251,0.6876712328767123,0.6876712328767123
01013500,2003,365,257,257,0.7041095890410959,0.7041095890410959
01013500,2004,366,266,266,0.726775956284153,0.726775956284153
01013500,2005,365,231,231,0.6328767123287671,0.6328767123287671
01013500,2006,365,279,279,0.7643835616438356,0.7643835616438356
01013500,2007,365,240,240,0.6575342465753424,0.6575342465753424
01013500,2008,366,241,241,0.6584699453551912,0.6584699453551912
01013500,2009,365,267,267,0.7315068493150685,0.7315068493150685
01013500,2010,365,285,285,0.7808219178082192,0.7808219178082192
03164000,1995,365,339,339,0.9287671232876712,0.9287671232876712
03164000,1996,366,338,338,0.9234972677595629,0.9234972677595629
03164000,1997,365,350,350,0.958904109589041,0.958904109589041
03164000,1998,365,364,364,0.9972602739726028,0.9972602739726028
03164000,1999,365,347,347,0.9506849315068493,0.9506849315068493
03164000,2000,366,332,332,0.907103825136612,0.907103825136612
03164000,2001,365,339,339,0.9287671232876712,0.9287671232876712
03164000,2002,365,351,351,0.9616438356164384,0.9616438356164384
03164000,2003,365,334,334,0.915068493150685,0.915068493150685
03164000,2004,366,355,355,0.9699453551912568,0.9699453551912568
03164000,2005,365,356,356,0.9753424657534246,0.9753424657534246
03164000,2006,365,322,322,0.8821917808219178,0.8821917808219178
03164000,2007,365,358,358,0.9808219178082191,0.9808219178082191
03164000,2008,366,352,352,0.9617486338797814,0.9617486338797814
03164000,2009,365,346,346,0.947945205479452,0.947945205479452
03164000,2010,365,326,326,0.8931506849315068,0.8931506849315068
03213700,1995,365,0,0,0.0,0.0
03213700,1996,366,0,0,0.0,0.0
03213700,1997,365,91,91,0.2493150684931507,0.2493150684931507
03213700,1998,365,358,358,0.9808219178082191,0.9808219178082191
03213700,1999,365,364,364,0.9972602739726028,0.9972602739726028
03213700,2000,366,365,365,0.9972677595628415,0.9972677595628415
03213700,2001,365,352,352,0.9643835616438357,0.9643835616438357
03213700,2002,365,353,353,0.9671232876712329,0.9671232876712329
03213700,2003,365,359,359,0.9835616438356164,0.9835616438356164
03213700,2004,366,358,358,0.9781420765027322,0.9781420765027322
03213700,2005,365,360,360,0.9863013698630136,0.9863013698630136
03213700,2006,365,258,258,0.7068493150684931,0.7068493150684931
03213700,2007,365,91,91,0.2493150684931507,0.2493150684931507
03213700,2008,366,352,352,0.9617486338797814,0.9617486338797814
03213700,2009,365,358,358,0.9808219178082191,0.9808219178082191
03213700,2010,365,347,347,0.9506849315068493,0.9506849315068493
05056000,1995,365,236,236,0.6465753424657534,0.6465753424657534
05056000,1996,366,295,295,0.8060109289617486,0.8060109289617486
05056000,1997,365,179,179,0.4904109589041096,0.4904109589041096
05056000,1998,365,326,326,0.8931506849315068,0.8931506849315068
05056000,1999,365,342,342,0.936986301369863,0.936986301369863
05056000,2000,366,275,275,0.7513661202185792,0.7513661202185792
05056000,2001,365,261,261,0.7150684931506849,0.7150684931506849
05056000,2002,365,340,340,0.9315068493150684,0.9315068493150684
05056000,2003,365,309,309,0.8465753424657534,0.8465753424657534
05056000,2004,366,250,250,0.6830601092896175,0.6830601092896175
05056000,2005,365,243,243,0.6657534246575343,0.6657534246575343
05056000,2006,365,241,241,0.6602739726027397,0.6602739726027397
05056000,2007,365,241,241,0.6602739726027397,0.6602739726027397
05056000,2008,366,251,251,0.6857923497267759,0.6857923497267759
05056000,2009,365,226,226,0.6191780821917808,0.6191780821917808
05056000,2010,365,264,264,0.7232876712328767,0.7232876712328767
05412500,1995,365,149,149,0.40821917808219177,0.40821917808219177
05412500,1996,366,223,223,0.6092896174863388,0.6092896174863388
05412500,1997,365,268,268,0.7342465753424657,0.7342465753424657
05412500,1998,365,255,255,0.6986301369863014,0.6986301369863014
05412500,1999,365,285,285,0.7808219178082192,0.7808219178082192
05412500,2000,366,259,259,0.7076502732240437,0.7076502732240437
05412500,2001,365,267,267,0.7315068493150685,0.7315068493150685
05412500,2002,365,266,266,0.7287671232876712,0.7287671232876712
05412500,2003,365,244,244,0.6684931506849315,0.6684931506849315
05412500,2004,366,259,259,0.7076502732240437,0.7076502732240437
05412500,2005,365,289,289,0.7917808219178082,0.7917808219178082
05412500,2006,365,308,308,0.8438356164383561,0.8438356164383561
05412500,2007,365,263,263,0.7205479452054795,0.7205479452054795
05412500,2008,366,264,264,0.7213114754098361,0.7213114754098361
05412500,2009,365,266,266,0.7287671232876712,0.7287671232876712
05412500,2010,365,280,280,0.7671232876712328,0.7671232876712328
05585000,1995,365,251,251,0.6876712328767123,0.6876712328767123
05585000,1996,366,180,180,0.4918032786885246,0.4918032786885246
05585000,1997,365,211,211,0.5780821917808219,0.5780821917808219
05585000,1998,365,247,247,0.6767123287671233,0.6767123287671233
05585000,1999,365,275,275,0.7534246575342466,0.7534246575342466
05585000,2000,366,299,299,0.8169398907103825,0.8169398907103825
05585000,2001,365,268,268,0.7342465753424657,0.7342465753424657
05585000,2002,365,273,273,0.7479452054794521,0.7479452054794521
05585000,2003,365,295,295,0.8082191780821918,0.8082191780821918
05585000,2004,366,298,298,0.8142076502732241,0.8142076502732241
05585000,2005,365,310,310,0.8493150684931506,0.8493150684931506
05585000,2006,365,345,345,0.9452054794520548,0.9452054794520548
05585000,2007,365,306,306,0.8383561643835616,0.8383561643835616
05585000,2008,366,292,292,0.7978142076502732,0.7978142076502732
05585000,2009,365,330,330,0.9041095890410958,0.9041095890410958
05585000,2010,365,292,292,0.8,0.8
06043500,1995,365,270,270,0.7397260273972602,0.7397260273972602
06043500,1996,366,318,318,0.8688524590163934,0.8688524590163934
06043500,1997,365,321,321,0.8794520547945206,0.8794520547945206
06043500,1998,365,341,341,0.9342465753424658,0.9342465753424658
06043500,1999,365,341,341,0.9342465753424658,0.9342465753424658
06043500,2000,366,363,363,0.9918032786885246,0.9918032786885246
06043500,2001,365,361,361,0.989041095890411,0.989041095890411
06043500,2002,365,364,364,0.9972602739726028,0.9972602739726028
06043500,2003,365,362,362,0.9917808219178083,0.9917808219178083
06043500,2004,366,360,360,0.9836065573770492,0.9836065573770492
06043500,2005,365,343,343,0.9397260273972603,0.9397260273972603
06043500,2006,365,332,332,0.9095890410958904,0.9095890410958904
06043500,2007,365,361,361,0.989041095890411,0.989041095890411
06043500,2008,366,352,352,0.9617486338797814,0.9617486338797814
06043500,2009,365,342,342,0.936986301369863,0.936986301369863
06043500,2010,365,347,347,0.9506849315068493,0.9506849315068493
06339500,1995,365,0,0,0.0,0.0
06339500,1996,366,0,0,0.0,0.0
06339500,1997,365,30,30,0.0821917808219178,0.0821917808219178
06339500,1998,365,207,207,0.5671232876712329,0.5671232876712329
06339500,1999,365,216,216,0.5917808219178082,0.5917808219178082
06339500,2000,366,254,254,0.6939890710382514,0.6939890710382514
06339500,2001,365,231,231,0.6328767123287671,0.6328767123287671
06339500,2002,365,239,239,0.6547945205479452,0.6547945205479452
06339500,2003,365,239,239,0.6547945205479452,0.6547945205479452
06339500,2004,366,261,261,0.7131147540983607,0.7131147540983607
06339500,2005,365,272,272,0.7452054794520548,0.7452054794520548
06339500,2006,365,284,284,0.7780821917808219,0.7780821917808219
06339500,2007,365,211,211,0.5780821917808219,0.5780821917808219
06339500,2008,366,175,175,0.4781420765027322,0.4781420765027322
06339500,2009,365,228,228,0.6246575342465753,0.6246575342465753
06339500,2010,365,232,232,0.6356164383561644,0.6356164383561644
06353000,1995,365,0,0,0.0,0.0
06353000,1996,366,0,0,0.0,0.0
06353000,1997,365,0,0,0.0,0.0
06353000,1998,365,0,0,0.0,0.0
06353000,1999,365,0,0,0.0,0.0
06353000,2000,366,0,0,0.0,0.0
06353000,2001,365,42,42,0.11506849315068493,0.11506849315068493
06353000,2002,365,230,230,0.6301369863013698,0.6301369863013698
06353000,2003,365,226,226,0.6191780821917808,0.6191780821917808
06353000,2004,366,200,200,0.546448087431694,0.546448087431694
06353000,2005,365,221,221,0.6054794520547945,0.6054794520547945
06353000,2006,365,185,185,0.5068493150684932,0.5068493150684932
06353000,2007,365,216,216,0.5917808219178082,0.5917808219178082
06353000,2008,366,203,203,0.5546448087431693,0.5546448087431693
06353000,2009,365,215,215,0.589041095890411,0.589041095890411
06353000,2010,365,231,231,0.6328767123287671,0.6328767123287671
06441500,1995,365,250,250,0.684931506849315,0.684931506849315
06441500,1996,366,244,244,0.6666666666666666,0.6666666666666666
06441500,1997,365,203,203,0.5561643835616439,0.5561643835616439
06441500,1998,365,256,256,0.7013698630136986,0.7013698630136986
06441500,1999,365,270,270,0.7397260273972602,0.7397260273972602
06441500,2000,366,252,252,0.6885245901639344,0.6885245901639344
06441500,2001,365,239,239,0.6547945205479452,0.6547945205479452
06441500,2002,365,259,259,0.7095890410958904,0.7095890410958904
06441500,2003,365,108,108,0.2958904109589041,0.2958904109589041
06441500,2004,366,227,227,0.6202185792349727,0.6202185792349727
06441500,2005,365,259,259,0.7095890410958904,0.7095890410958904
06441500,2006,365,263,263,0.7205479452054795,0.7205479452054795
06441500,2007,365,209,209,0.5726027397260274,0.5726027397260274
06441500,2008,366,210,210,0.5737704918032787,0.5737704918032787
06441500,2009,365,277,277,0.7589041095890411,0.7589041095890411
06441500,2010,365,109,109,0.29863013698630136,0.29863013698630136
06450500,1995,365,0,0,0.0,0.0
06450500,1996,366,0,0,0.0,0.0
06450500,1997,365,0,0,0.0,0.0
06450500,1998,365,0,0,0.0,0.0
06450500,1999,365,343,343,0.9397260273972603,0.9397260273972603
06450500,2000,366,345,345,0.9426229508196722,0.9426229508196722
06450500,2001,365,330,330,0.9041095890410958,0.9041095890410958
06450500,2002,365,359,359,0.9835616438356164,0.9835616438356164
06450500,2003,365,360,360,0.9863013698630136,0.9863013698630136
06450500,2004,366,346,346,0.9453551912568307,0.9453551912568307
06450500,2005,365,358,358,0.9808219178082191,0.9808219178082191
06450500,2006,365,361,361,0.989041095890411,0.989041095890411
06450500,2007,365,295,295,0.8082191780821918,0.8082191780821918
06450500,2008,366,147,147,0.4016393442622951,0.4016393442622951
06450500,2009,365,227,227,0.6219178082191781,0.6219178082191781
06450500,2010,365,228,228,0.6246575342465753,0.6246575342465753
06453600,1995,365,20,20,0.0547945205479452,0.0547945205479452
06453600,1996,366,1,1,0.00273224043715847,0.00273224043715847
06453600,1997,365,0,0,0.0,0.0
06453600,1998,365,0,0,0.0,0.0
06453600,1999,365,0,0,0.0,0.0
06453600,2000,366,0,0,0.0,0.0
06453600,2001,365,1,1,0.0027397260273972603,0.0027397260273972603
06453600,2002,365,0,0,0.0,0.0
06453600,2003,365,0,0,0.0,0.0
06453600,2004,366,0,0,0.0,0.0
06453600,2005,365,58,58,0.1589041095890411,0.1589041095890411
06453600,2006,365,297,297,0.8136986301369863,0.8136986301369863
06453600,2007,365,57,57,0.15616438356164383,0.15616438356164383
06453600,2008,366,82,82,0.22404371584699453,0.22404371584699453
06453600,2009,365,259,259,0.7095890410958904,0.7095890410958904
06453600,2010,365,187,187,0.5123287671232877,0.5123287671232877
06464500,1995,365,235,235,0.6438356164383562,0.6438356164383562
06464500,1996,366,231,231,0.6311475409836066,0.6311475409836066
06464500,1997,365,217,217,0.5945205479452055,0.5945205479452055
06464500,1998,365,244,244,0.6684931506849315,0.6684931506849315
06464500,1999,365,278,278,0.7616438356164383,0.7616438356164383
06464500,2000,366,253,253,0.6912568306010929,0.6912568306010929
06464500,2001,365,162,162,0.4438356164383562,0.4438356164383562
06464500,2002,365,157,157,0.4301369863013699,0.4301369863013699
06464500,2003,365,210,210,0.5753424657534246,0.5753424657534246
06464500,2004,366,253,253,0.6912568306010929,0.6912568306010929
06464500,2005,365,258,258,0.7068493150684931,0.7068493150684931
06464500,2006,365,228,228,0.6246575342465753,0.6246575342465753
06464500,2007,365,249,249,0.6821917808219178,0.6821917808219178
06464500,2008,366,244,244,0.6666666666666666,0.6666666666666666
06464500,2009,365,230,230,0.6301369863013698,0.6301369863013698
06464500,2010,365,246,246,0.673972602739726,0.673972602739726
06468170,1995,365,225,225,0.6164383561643836,0.6164383561643836
06468170,1996,366,195,195,0.5327868852459017,0.5327868852459017
06468170,1997,365,211,211,0.5780821917808219,0.5780821917808219
06468170,1998,365,254,254,0.6958904109589041,0.6958904109589041
06468170,1999,365,242,242,0.663013698630137,0.663013698630137
06468170,2000,366,243,243,0.6639344262295082,0.6639344262295082
06468170,2001,365,229,229,0.6273972602739726,0.6273972602739726
06468170,2002,365,230,230,0.6301369863013698,0.6301369863013698
06468170,2003,365,203,203,0.5561643835616439,0.5561643835616439
06468170,2004,366,237,237,0.6475409836065574,0.6475409836065574
06468170,2005,365,226,226,0.6191780821917808,0.6191780821917808
06468170,2006,365,114,114,0.31232876712328766,0.31232876712328766
06468170,2007,365,207,207,0.5671232876712329,0.5671232876712329
06468170,2008,366,180,180,0.4918032786885246,0.4918032786885246
06468170,2009,365,212,212,0.5808219178082191,0.5808219178082191
06468170,2010,365,229,229,0.6273972602739726,0.6273972602739726
06775500,1995,365,88,0,0.2410958904109589,0.0
06775500,1996,366,322,0,0.8797814207650273,0.0
06775500,1997,365,157,0,0.4301369863013699,0.0
06775500,1998,365,230,0,0.6301369863013698,0.0
06775500,1999,365,226,0,0.6191780821917808,0.0
06775500,2000,366,244,0,0.6666666666666666,0.0
06775500,2001,365,262,0,0.7178082191780822,0.0
06775500,2002,365,299,0,0.8191780821917808,0.0
06775500,2003,365,344,0,0.9424657534246575,0.0
06775500,2004,366,346,0,0.9453551912568307,0.0
06775500,2005,365,316,0,0.8657534246575342,0.0
06775500,2006,365,351,0,0.9616438356164384,0.0
06775500,2007,365,334,0,0.915068493150685,0.0
06775500,2008,366,307,0,0.8387978142076503,0.0
06775500,2009,365,311,0,0.852054794520548,0.0
06775500,2010,365,335,0,0.9178082191780822,0.0
07014500,1995,365,267,267,0.7315068493150685,0.7315068493150685
07014500,1996,366,294,294,0.8032786885245902,0.8032786885245902
07014500,1997,365,320,320,0.8767123287671232,0.8767123287671232
07014500,1998,365,325,325,0.8904109589041096,0.8904109589041096
07014500,1999,365,174,174,0.4767123287671233,0.4767123287671233
07014500,2000,366,326,326,0.8907103825136612,0.8907103825136612
07014500,2001,365,159,159,0.43561643835616437,0.43561643835616437
07014500,2002,365,217,217,0.5945205479452055,0.5945205479452055
07014500,2003,365,295,295,0.8082191780821918,0.8082191780821918
07014500,2004,366,288,288,0.7868852459016393,0.7868852459016393
07014500,2005,365,308,308,0.8438356164383561,0.8438356164383561
07014500,2006,365,291,291,0.7972602739726027,0.7972602739726027
07014500,2007,365,320,320,0.8767123287671232,0.8767123287671232
07014500,2008,366,351,351,0.9590163934426229,0.9590163934426229
07014500,2009,365,351,351,0.9616438356164384,0.9616438356164384
07014500,2010,365,360,360,0.9863013698630136,0.9863013698630136
07056000,1995,365,361,361,0.989041095890411,0.989041095890411
07056000,1996,366,357,357,0.9754098360655737,0.9754098360655737
07056000,1997,365,352,352,0.9643835616438357,0.9643835616438357
07056000,1998,365,353,353,0.9671232876712329,0.9671232876712329
07056000,1999,365,357,357,0.9780821917808219,0.9780821917808219
07056000,2000,366,360,360,0.9836065573770492,0.9836065573770492
07056000,2001,365,358,358,0.9808219178082191,0.9808219178082191
07056000,2002,365,357,357,0.9780821917808219,0.9780821917808219
07056000,2003,365,334,334,0.915068493150685,0.915068493150685
07056000,2004,366,308,308,0.8415300546448088,0.8415300546448088
07056000,2005,365,303,303,0.8301369863013699,0.8301369863013699
07056000,2006,365,286,286,0.7835616438356164,0.7835616438356164
07056000,2007,365,330,330,0.9041095890410958,0.9041095890410958
07056000,2008,366,349,349,0.953551912568306,0.953551912568306
07056000,2009,365,356,356,0.9753424657534246,0.9753424657534246
07056000,2010,365,361,361,0.989041095890411,0.989041095890411
07067000,1995,365,52,52,0.14246575342465753,0.14246575342465753
07067000,1996,366,231,231,0.6311475409836066,0.6311475409836066
07067000,1997,365,357,357,0.9780821917808219,0.9780821917808219
07067000,1998,365,356,356,0.9753424657534246,0.9753424657534246
07067000,1999,365,361,361,0.989041095890411,0.989041095890411
07067000,2000,366,347,347,0.9480874316939891,0.9480874316939891
07067000,2001,365,355,355,0.9726027397260274,0.9726027397260274
07067000,2002,365,356,356,0.9753424657534246,0.9753424657534246
07067000,2003,365,363,363,0.9945205479452055,0.9945205479452055
07067000,2004,366,363,363,0.9918032786885246,0.9918032786885246
07067000,2005,365,335,335,0.9178082191780822,0.9178082191780822
07067000,2006,365,337,337,0.9232876712328767,0.9232876712328767
07067000,2007,365,330,330,0.9041095890410958,0.9041095890410958
07067000,2008,366,342,342,0.9344262295081968,0.9344262295081968
07067000,2009,365,352,352,0.9643835616438357,0.9643835616438357
07067000,2010,365,353,353,0.9671232876712329,0.9671232876712329
07068000,1995,365,256,256,0.7013698630136986,0.7013698630136986
07068000,1996,366,287,287,0.7841530054644809,0.7841530054644809
07068000,1997,365,322,322,0.8821917808219178,0.8821917808219178
07068000,1998,365,349,349,0.9561643835616438,0.9561643835616438
07068000,1999,365,334,334,0.915068493150685,0.915068493150685
07068000,2000,366,344,344,0.9398907103825137,0.9398907103825137
07068000,2001,365,341,341,0.9342465753424658,0.9342465753424658
07068000,2002,365,278,278,0.7616438356164383,0.7616438356164383
07068000,2003,365,338,338,0.9260273972602739,0.9260273972602739
07068000,2004,366,346,346,0.9453551912568307,0.9453551912568307
07068000,2005,365,339,339,0.9287671232876712,0.9287671232876712
07068000,2006,365,308,308,0.8438356164383561,0.8438356164383561
07068000,2007,365,334,334,0.915068493150685,0.915068493150685
07068000,2008,366,337,337,0.9207650273224044,0.9207650273224044
07068000,2009,365,330,330,0.9041095890410958,0.9041095890410958
07068000,2010,365,362,362,0.9917808219178083,0.9917808219178083
07071500,1995,365,239,239,0.6547945205479452,0.6547945205479452
07071500,1996,366,295,295,0.8060109289617486,0.8060109289617486
07071500,1997,365,346,346,0.947945205479452,0.947945205479452
07071500,1998,365,353,353,0.9671232876712329,0.9671232876712329
07071500,1999,365,357,357,0.9780821917808219,0.9780821917808219
07071500,2000,366,354,354,0.9672131147540983,0.9672131147540983
07071500,2001,365,349,349,0.9561643835616438,0.9561643835616438
07071500,2002,365,322,322,0.8821917808219178,0.8821917808219178
07071500,2003,365,320,320,0.8767123287671232,0.8767123287671232
07071500,2004,366,310,310,0.8469945355191257,0.8469945355191257
07071500,2005,365,346,346,0.947945205479452,0.947945205479452
07071500,2006,365,340,340,0.9315068493150684,0.9315068493150684
07071500,2007,365,330,330,0.9041095890410958,0.9041095890410958
07071500,2008,366,337,337,0.9207650273224044,0.9207650273224044
07071500,2009,365,348,348,0.9534246575342465,0.9534246575342465
07071500,2010,365,356,356,0.9753424657534246,0.9753424657534246
07148400,1995,365,325,325,0.8904109589041096,0.8904109589041096
07148400,1996,366,315,315,0.860655737704918,0.860655737704918
07148400,1997,365,346,346,0.947945205479452,0.947945205479452
07148400,1998,365,342,342,0.936986301369863,0.936986301369863
07148400,1999,365,345,345,0.9452054794520548,0.9452054794520548
07148400,2000,366,327,327,0.8934426229508197,0.8934426229508197
07148400,2001,365,343,343,0.9397260273972603,0.9397260273972603
07148400,2002,365,344,344,0.9424657534246575,0.9424657534246575
07148400,2003,365,331,331,0.9068493150684932,0.9068493150684932
07148400,2004,366,319,319,0.8715846994535519,0.8715846994535519
07148400,2005,365,341,341,0.9342465753424658,0.9342465753424658
07148400,2006,365,344,344,0.9424657534246575,0.9424657534246575
07148400,2007,365,302,302,0.8273972602739726,0.8273972602739726
07148400,2008,366,300,300,0.819672131147541,0.819672131147541
07148400,2009,365,321,321,0.8794520547945206,0.8794520547945206
07148400,2010,365,276,276,0.7561643835616438,0.7561643835616438
07149000,1995,365,187,187,0.5123287671232877,0.5123287671232877
07149000,1996,366,290,290,0.7923497267759563,0.7923497267759563
07149000,1997,365,312,312,0.8547945205479452,0.8547945205479452
07149000,1998,365,333,333,0.9123287671232877,0.9123287671232877
07149000,1999,365,364,364,0.9972602739726028,0.9972602739726028
07149000,2000,366,333,333,0.9098360655737705,0.9098360655737705
07149000,2001,365,347,347,0.9506849315068493,0.9506849315068493
07149000,2002,365,353,353,0.9671232876712329,0.9671232876712329
07149000,2003,365,345,345,0.9452054794520548,0.9452054794520548
07149000,2004,366,347,347,0.9480874316939891,0.9480874316939891
07149000,2005,365,323,323,0.8849315068493151,0.8849315068493151
07149000,2006,365,337,337,0.9232876712328767,0.9232876712328767
07149000,2007,365,303,303,0.8301369863013699,0.8301369863013699
07149000,2008,366,312,312,0.8524590163934426,0.8524590163934426
07149000,2009,365,349,349,0.9561643835616438,0.9561643835616438
07149000,2010,365,326,326,0.8931506849315068,0.8931506849315068
07151500,1995,365,0,0,0.0,0.0
07151500,1996,366,7,7,0.01912568306010929,0.01912568306010929
07151500,1997,365,356,356,0.9753424657534246,0.9753424657534246
07151500,1998,365,348,348,0.9534246575342465,0.9534246575342465
07151500,1999,365,296,296,0.810958904109589,0.810958904109589
07151500,2000,366,324,324,0.8852459016393442,0.8852459016393442
07151500,2001,365,342,342,0.936986301369863,0.936986301369863
07151500,2002,365,339,339,0.9287671232876712,0.9287671232876712
07151500,2003,365,332,332,0.9095890410958904,0.9095890410958904
07151500,2004,366,321,321,0.8770491803278688,0.8770491803278688
07151500,2005,365,333,333,0.9123287671232877,0.9123287671232877
07151500,2006,365,232,232,0.6356164383561644,0.6356164383561644
07151500,2007,365,310,310,0.8493150684931506,0.8493150684931506
07151500,2008,366,335,335,0.9153005464480874,0.9153005464480874
07151500,2009,365,343,343,0.9397260273972603,0.9397260273972603
07151500,2010,365,333,333,0.9123287671232877,0.9123287671232877
07226500,1995,365,258,258,0.7068493150684931,0.7068493150684931
07226500,1996,366,122,122,0.3333333333333333,0.3333333333333333
07226500,1997,365,116,116,0.3178082191780822,0.3178082191780822
07226500,1998,365,214,214,0.5863013698630137,0.5863013698630137
07226500,1999,365,168,168,0.4602739726027397,0.4602739726027397
07226500,2000,366,352,352,0.9617486338797814,0.9617486338797814
07226500,2001,365,267,267,0.7315068493150685,0.7315068493150685
07226500,2002,365,72,72,0.19726027397260273,0.19726027397260273
07226500,2003,365,236,236,0.6465753424657534,0.6465753424657534
07226500,2004,366,153,153,0.4180327868852459,0.4180327868852459
07226500,2005,365,267,267,0.7315068493150685,0.7315068493150685
07226500,2006,365,315,315,0.863013698630137,0.863013698630137
07226500,2007,365,260,260,0.7123287671232876,0.7123287671232876
07226500,2008,366,273,273,0.7459016393442623,0.7459016393442623
07226500,2009,365,167,167,0.4575342465753425,0.4575342465753425
07226500,2010,365,151,151,0.4136986301369863,0.4136986301369863
07292500,1995,365,308,308,0.8438356164383561,0.8438356164383561
07292500,1996,366,300,300,0.819672131147541,0.819672131147541
07292500,1997,365,338,338,0.9260273972602739,0.9260273972602739
07292500,1998,365,327,327,0.8958904109589041,0.8958904109589041
07292500,1999,365,350,350,0.958904109589041,0.958904109589041
07292500,2000,366,341,341,0.9316939890710383,0.9316939890710383
07292500,2001,365,254,254,0.6958904109589041,0.6958904109589041
07292500,2002,365,307,307,0.8410958904109589,0.8410958904109589
07292500,2003,365,349,349,0.9561643835616438,0.9561643835616438
07292500,2004,366,360,360,0.9836065573770492,0.9836065573770492
07292500,2005,365,271,271,0.7424657534246575,0.7424657534246575
07292500,2006,365,195,195,0.5342465753424658,0.5342465753424658
07292500,2007,365,261,261,0.7150684931506849,0.7150684931506849
07292500,2008,366,251,251,0.6857923497267759,0.6857923497267759
07292500,2009,365,247,247,0.6767123287671233,0.6767123287671233
07292500,2010,365,215,215,0.589041095890411,0.589041095890411
07301500,1995,365,339,339,0.9287671232876712,0.9287671232876712
07301500,1996,366,320,320,0.8743169398907104,0.8743169398907104
07301500,1997,365,330,330,0.9041095890410958,0.9041095890410958
07301500,1998,365,348,348,0.9534246575342465,0.9534246575342465
07301500,1999,365,329,329,0.9013698630136986,0.9013698630136986
07301500,2000,366,329,329,0.8989071038251366,0.8989071038251366
07301500,2001,365,333,333,0.9123287671232877,0.9123287671232877
07301500,2002,365,341,341,0.9342465753424658,0.9342465753424658
07301500,2003,365,335,335,0.9178082191780822,0.9178082191780822
07301500,2004,366,353,353,0.9644808743169399,0.9644808743169399
07301500,2005,365,324,324,0.8876712328767123,0.8876712328767123
07301500,2006,365,339,339,0.9287671232876712,0.9287671232876712
07301500,2007,365,325,325,0.8904109589041096,0.8904109589041096
07301500,2008,366,317,317,0.8661202185792349,0.8661202185792349
07301500,2009,365,324,324,0.8876712328767123,0.8876712328767123
07301500,2010,365,334,334,0.915068493150685,0.915068493150685
08164000,1995,365,358,358,0.9808219178082191,0.9808219178082191
08164000,1996,366,365,365,0.9972677595628415,0.9972677595628415
08164000,1997,365,364,364,0.9972602739726028,0.9972602739726028
08164000,1998,365,340,340,0.9315068493150684,0.9315068493150684
08164000,1999,365,361,361,0.989041095890411,0.989041095890411
08164000,2000,366,365,365,0.9972677595628415,0.9972677595628415
08164000,2001,365,364,364,0.9972602739726028,0.9972602739726028
08164000,2002,365,358,358,0.9808219178082191,0.9808219178082191
08164000,2003,365,308,308,0.8438356164383561,0.8438356164383561
08164000,2004,366,362,362,0.9890710382513661,0.9890710382513661
08164000,2005,365,321,321,0.8794520547945206,0.8794520547945206
08164000,2006,365,278,278,0.7616438356164383,0.7616438356164383
08164000,2007,365,337,337,0.9232876712328767,0.9232876712328767
08164000,2008,366,315,315,0.860655737704918,0.860655737704918
08164000,2009,365,337,337,0.9232876712328767,0.9232876712328767
08164000,2010,365,364,364,0.9972602739726028,0.9972602739726028
09430500,1995,365,359,359,0.9835616438356164,0.9835616438356164
09430500,1996,366,341,341,0.9316939890710383,0.9316939890710383
09430500,1997,365,318,318,0.8712328767123287,0.8712328767123287
09430500,1998,365,357,357,0.9780821917808219,0.9780821917808219
09430500,1999,365,358,358,0.9808219178082191,0.9808219178082191
09430500,2000,366,365,365,0.9972677595628415,0.9972677595628415
09430500,2001,365,332,332,0.9095890410958904,0.9095890410958904
09430500,2002,365,364,364,0.9972602739726028,0.9972602739726028
09430500,2003,365,357,357,0.9780821917808219,0.9780821917808219
09430500,2004,366,364,364,0.994535519125683,0.994535519125683
09430500,2005,365,364,364,0.9972602739726028,0.9972602739726028
09430500,2006,365,310,310,0.8493150684931506,0.8493150684931506
09430500,2007,365,364,364,0.9972602739726028,0.9972602739726028
09430500,2008,366,326,326,0.8907103825136612,0.8907103825136612
09430500,2009,365,352,352,0.9643835616438357,0.9643835616438357
09430500,2010,365,365,365,1.0,1.0
12358500,1995,365,90,90,0.2465753424657534,0.2465753424657534
12358500,1996,366,338,338,0.9234972677595629,0.9234972677595629
12358500,1997,365,341,341,0.9342465753424658,0.9342465753424658
12358500,1998,365,320,320,0.8767123287671232,0.8767123287671232
12358500,1999,365,350,350,0.958904109589041,0.958904109589041
12358500,2000,366,262,262,0.7158469945355191,0.7158469945355191
12358500,2001,365,0,0,0.0,0.0
12358500,2002,365,0,0,0.0,0.0
12358500,2003,365,0,0,0.0,0.0
12358500,2004,366,77,77,0.2103825136612022,0.2103825136612022
12358500,2005,365,344,344,0.9424657534246575,0.9424657534246575
12358500,2006,365,345,345,0.9452054794520548,0.9452054794520548
12358500,2007,365,261,261,0.7150684931506849,0.7150684931506849
12358500,2008,366,293,293,0.8005464480874317,0.8005464480874317
12358500,2009,365,364,364,0.9972602739726028,0.9972602739726028
12358500,2010,365,362,362,0.9917808219178083,0.9917808219178083
12414500,1995,365,300,300,0.821917808219178,0.821917808219178
12414500,1996,366,285,285,0.7786885245901639,0.7786885245901639
12414500,1997,365,306,306,0.8383561643835616,0.8383561643835616
12414500,1998,365,333,333,0.9123287671232877,0.9123287671232877
12414500,1999,365,350,350,0.958904109589041,0.958904109589041
12414500,2000,366,302,302,0.825136612021858,0.825136612021858
12414500,2001,365,301,301,0.8246575342465754,0.8246575342465754
12414500,2002,365,277,277,0.7589041095890411,0.7589041095890411
12414500,2003,365,311,311,0.852054794520548,0.852054794520548
12414500,2004,366,340,340,0.9289617486338798,0.9289617486338798
12414500,2005,365,309,309,0.8465753424657534,0.8465753424657534
12414500,2006,365,324,324,0.8876712328767123,0.8876712328767123
12414500,2007,365,296,296,0.810958904109589,0.810958904109589
12414500,2008,366,295,295,0.8060109289617486,0.8060109289617486
12414500,2009,365,288,288,0.7890410958904109,0.7890410958904109
12414500,2010,365,315,315,0.863013698630137,0.863013698630137
13337000,1995,365,225,225,0.6164383561643836,0.6164383561643836
13337000,1996,366,253,253,0.6912568306010929,0.6912568306010929
13337000,1997,365,205,205,0.5616438356164384,0.5616438356164384
13337000,1998,365,234,234,0.6410958904109589,0.6410958904109589
13337000,1999,365,270,270,0.7397260273972602,0.7397260273972602
13337000,2000,366,362,362,0.9890710382513661,0.9890710382513661
13337000,2001,365,344,344,0.9424657534246575,0.9424657534246575
13337000,2002,365,311,311,0.852054794520548,0.852054794520548
13337000,2003,365,343,343,0.9397260273972603,0.9397260273972603
13337000,2004,366,359,359,0.9808743169398907,0.9808743169398907
13337000,2005,365,345,345,0.9452054794520548,0.9452054794520548
13337000,2006,365,359,359,0.9835616438356164,0.9835616438356164
13337000,2007,365,354,354,0.9698630136986301,0.9698630136986301
13337000,2008,366,315,315,0.860655737704918,0.860655737704918
13337000,2009,365,324,324,0.8876712328767123,0.8876712328767123
13337000,2010,365,334,334,0.915068493150685,0.915068493150685
13338500,1995,365,249,249,0.6821917808219178,0.6821917808219178
13338500,1996,366,358,358,0.9781420765027322,0.9781420765027322
13338500,1997,365,259,259,0.7095890410958904,0.7095890410958904
13338500,1998,365,301,301,0.8246575342465754,0.8246575342465754
13338500,1999,365,363,363,0.9945205479452055,0.9945205479452055
13338500,2000,366,342,342,0.9344262295081968,0.9344262295081968
13338500,2001,365,343,343,0.9397260273972603,0.9397260273972603
13338500,2002,365,296,296,0.810958904109589,0.810958904109589
13338500,2003,365,338,338,0.9260273972602739,0.9260273972602739
13338500,2004,366,356,356,0.9726775956284153,0.9726775956284153
13338500,2005,365,289,289,0.7917808219178082,0.7917808219178082
13338500,2006,365,344,344,0.9424657534246575,0.9424657534246575
13338500,2007,365,351,351,0.9616438356164384,0.9616438356164384
13338500,2008,366,334,334,0.912568306010929,0.912568306010929
13338500,2009,365,316,316,0.8657534246575342,0.8657534246575342
13338500,2010,365,344,344,0.9424657534246575,0.9424657534246575
13340600,1995,365,276,276,0.7561643835616438,0.7561643835616438
13340600,1996,366,345,345,0.9426229508196722,0.9426229508196722
13340600,1997,365,343,343,0.9397260273972603,0.9397260273972603
13340600,1998,365,355,355,0.9726027397260274,0.9726027397260274
13340600,1999,365,362,362,0.9917808219178083,0.9917808219178083
13340600,2000,366,353,353,0.9644808743169399,0.9644808743169399
13340600,2001,365,357,357,0.9780821917808219,0.9780821917808219
13340600,2002,365,352,352,0.9643835616438357,0.9643835616438357
13340600,2003,365,356,356,0.9753424657534246,0.9753424657534246
13340600,2004,366,360,360,0.9836065573770492,0.9836065573770492
13340600,2005,365,342,342,0.936986301369863,0.936986301369863
13340600,2006,365,359,359,0.9835616438356164,0.9835616438356164
13340600,2007,365,349,349,0.9561643835616438,0.9561643835616438
13340600,2008,366,335,335,0.9153005464480874,0.9153005464480874
13340600,2009,365,318,318,0.8712328767123287,0.8712328767123287
13340600,2010,365,347,347,0.9506849315068493,0.9506849315068493
